ts,occ
0.0,0.0
16.731136275147527,1.0
17.00598656456832,2.0
18.52445207606105,3.0
20.37493180311862,4.0
20.419313505292955,5.0
21.54234239491004,6.0
22.23636909639488,7.0
22.489806889669026,8.0
22.712923923510292,9.0
24.219026256388013,10.0
25.314130396568537,11.0
26.06411812133144,12.0
27.02167151136066,11.0
27.093632932507127,10.0
28.872892984875676,9.0
30.403427438348775,8.0
30.985502714675174,7.0
31.359589828661363,8.0
32.491276726162305,7.0
32.53630846445945,6.0
32.58652292592747,7.0
32.86684233336096,6.0
33.031725501232415,5.0
34.32729919316108,4.0
34.61103474086196,5.0
35.263500504486686,6.0
35.52568325786371,7.0
35.54143850809248,8.0
35.74796089566017,9.0
36.32075234179728,8.0
37.108980638359995,9.0
37.17814082985325,10.0
37.8991134226991,9.0
38.727569254506676,10.0
38.89231964942233,11.0
39.22109858692896,12.0
42.68853038954759,11.0
42.90935996295957,10.0
45.06183651947569,9.0
45.67247373427897,8.0
45.68186838151553,9.0
45.857716111466786,8.0
45.89095616097965,7.0
46.07836048873022,6.0
47.29135442218875,5.0
47.347715921334974,6.0
48.344562678060306,5.0
48.80560218652454,4.0
48.94309088730487,3.0
49.475124167046,4.0
49.8712623769387,3.0
49.88325457358225,4.0
49.992125509271396,5.0
50.018563263404104,6.0
50.887637178781716,7.0
51.518484898833485,8.0
52.11315105607432,9.0
52.18009741398661,10.0
52.19023759421626,11.0
53.337436149167004,12.0
56.930189370633514,11.0
57.653618820841345,10.0
60.071906288093444,9.0
60.076021439553095,8.0
60.20081185707441,7.0
60.35600309545983,8.0
61.52602560506529,7.0
61.65576028195776,6.0
61.85154826169481,5.0
62.20447214880402,4.0
62.339068618043086,3.0
62.82110404310171,4.0
62.98771750656309,3.0
63.76911680544601,2.0
64.61985380995274,3.0
64.65295502742721,4.0
65.21050681860116,5.0
65.41653846361268,6.0
65.91063154698787,7.0
65.98551443285018,8.0
66.44589364531451,9.0
67.26010876612025,10.0
68.02154449547628,11.0
68.33506542841471,12.0
70.4022595249433,11.0
73.93244348343684,10.0
74.66230151038909,11.0
74.96639962323462,10.0
75.2104514232033,9.0
75.30374758196805,8.0
75.59357082246478,7.0
76.07002781247417,6.0
76.47847517477992,5.0
76.65150707878158,4.0
77.53380210486915,5.0
77.76769911686625,4.0
78.52076836466871,3.0
78.80128847346852,2.0
78.95039790303332,3.0
79.68992346600486,4.0
79.83853190836123,5.0
80.6037542645359,6.0
80.64022290108036,7.0
81.63144182793877,8.0
81.80797092083357,9.0
81.92853063651744,10.0
82.52305870214937,11.0
82.66299134720543,12.0
85.15015845914048,11.0
88.67220467415457,10.0
89.52480316189484,11.0
89.55085743155631,10.0
90.00977569620186,9.0
90.31972578223231,8.0
90.6782613475925,7.0
91.11224789826676,6.0
91.14814194301958,7.0
91.95960928884197,6.0
92.10554878146219,5.0
92.12963798047379,4.0
92.54245049453729,3.0
92.70899640204472,4.0
92.83223673979414,3.0
93.40915616116888,4.0
93.5082066362632,5.0
94.79943166941243,6.0
95.9476139022303,7.0
96.02210856617438,8.0
96.06776291324691,9.0
97.32016584270143,10.0
97.62783987134122,11.0
97.9353580395233,12.0
99.58013801116059,11.0
102.45300183714899,10.0
102.75763696705944,9.0
103.54643228282579,8.0
104.59157629361333,7.0
104.80282464697662,8.0
105.63257488317662,7.0
106.05014989730624,8.0
106.27234633387485,7.0
106.6414430338339,6.0
107.34434041240532,5.0
107.73511756345525,6.0
107.78291532624395,7.0
107.82157770569479,6.0
108.93177370977051,5.0
109.44874466381843,6.0
109.73168991701694,5.0
110.11118404098423,6.0
110.23428930903444,7.0
111.92606397009561,8.0
112.07265551848548,9.0
112.12596592790078,10.0
113.55853451628116,11.0
113.82722964403106,12.0
115.98638866437351,11.0
116.38997965094568,10.0
117.97801719547569,9.0
118.41412794113184,8.0
119.79336385838836,7.0
119.98913665174102,8.0
120.43491213361693,7.0
121.27249355011871,6.0
122.05058218061724,7.0
122.35373747501284,6.0
122.66839617129324,7.0
122.78506978182324,8.0
123.01210317422228,7.0
123.85124582676941,6.0
124.36887648108562,5.0
124.48914097570781,6.0
124.9524907731969,5.0
124.97651231479603,6.0
125.58510538891005,7.0
126.46998952805362,8.0
127.00060914866785,9.0
127.61660342597999,10.0
127.89946561437888,11.0
128.53885198716173,12.0
130.06964291987083,11.0
132.1462737600293,10.0
133.42230844273362,9.0
133.5476646757414,8.0
134.77991205511094,9.0
134.98050541170753,8.0
135.08184166247443,7.0
135.68938072701215,6.0
136.32167813349545,7.0
136.47360449043484,6.0
137.6425753193397,5.0
138.14055290570334,6.0
138.33004570106075,5.0
138.62556782389814,4.0
138.66895963496734,3.0
138.83914097747547,4.0
139.5989251316205,5.0
140.4135637734912,6.0
141.29231701536662,7.0
141.34761490761352,8.0
141.6867041999759,9.0
142.95803157211733,10.0
143.01621962861748,11.0
143.14538862761978,12.0
145.2779818749653,11.0
146.44581904202118,10.0
148.8798294849206,9.0
149.1078441911136,8.0
150.01550703289905,7.0
151.119980918735,8.0
151.37598950695119,7.0
151.5126873238766,8.0
151.60315336403218,7.0
151.6883166851423,6.0
152.02072450429293,5.0
152.68472168986307,6.0
152.96249003676124,5.0
153.0350939419261,4.0
153.4118883840026,5.0
153.52081150879158,4.0
154.34532620817987,5.0
155.74560214569217,6.0
156.00337462469383,7.0
156.45360781176902,8.0
156.91321790529764,9.0
157.59272460907687,10.0
158.27939372152855,11.0
158.83154030320048,12.0
161.27025842637136,11.0
161.88383866427958,10.0
163.00785993831397,9.0
163.57069131240831,8.0
164.5119751573381,7.0
165.7786646697741,8.0
165.79872255651298,9.0
166.087661064266,8.0
166.54156673039012,7.0
166.72530363809173,6.0
167.0159023484494,5.0
167.65438663027263,6.0
167.8511440029432,5.0
168.34082391445943,6.0
169.0437753748091,5.0
169.24684171081503,4.0
169.25976395869333,5.0
169.97822606101525,6.0
170.83918678047743,7.0
170.90985795490016,8.0
171.64032592542392,9.0
171.6989826030099,10.0
171.75737892204071,11.0
174.55150507050314,12.0
175.89533093267553,11.0
176.45465362192775,10.0
177.87488977617903,9.0
179.6115340084845,8.0
179.66235235058386,7.0
179.93575518904217,8.0
180.09681012265156,9.0
180.3528287413179,8.0
180.87705335153393,7.0
181.28139523581387,6.0
181.6814402060959,5.0
181.71413818524925,4.0
182.07191471547998,3.0
182.8872196327872,4.0
183.06919128031464,5.0
183.4542814780735,6.0
184.74234351511478,7.0
185.0247008258973,6.0
185.18625070042177,7.0
186.29243539667794,8.0
186.6276059889557,9.0
186.902780824556,10.0
188.23376908592718,11.0
188.56689420299944,12.0
190.8716887378204,11.0
191.02657445974737,10.0
192.99919983923002,9.0
193.25086120805025,8.0
194.59435898093156,7.0
195.2500693867782,8.0
195.73250888565718,7.0
195.86098835279074,8.0
197.29035414743743,7.0
197.50226876512136,6.0
197.5702120297626,7.0
197.97607014421573,8.0
198.23426882544027,7.0
198.3095407818803,6.0
198.36023077964725,7.0
198.7159079665249,6.0
199.02012188832717,5.0
199.20791087867357,6.0
201.1262572501871,7.0
201.50625607004088,8.0
202.28456955891886,9.0
203.13831050952084,10.0
203.99828043413694,11.0
205.36305895260017,12.0
205.51948549576286,11.0
206.56951911204817,10.0
207.5936313481361,9.0
208.17091301352514,8.0
208.51541840645174,7.0
209.6850040223129,8.0
210.1224064599236,9.0
210.22871274028577,8.0
210.6148357280922,9.0
211.78407449419103,8.0
212.23575394185028,7.0
212.78805122587218,8.0
212.84880110743137,7.0
213.13997272445937,6.0
213.17458182036856,7.0
214.5386451346654,6.0
214.8002539233802,7.0
215.9363006584368,6.0
215.9636972731188,7.0
216.019531459549,8.0
217.11452511520199,9.0
217.31396979126816,10.0
217.89861783580787,11.0
219.86683811443237,10.0
220.27208351743246,9.0
220.66521762999,10.0
220.76678172433404,9.0
223.34820583806155,8.0
223.36815609896615,7.0
223.6728098524565,8.0
225.0518230895123,7.0
225.37510395390802,8.0
225.99618553990547,7.0
226.03314032709065,8.0
226.2639267609425,7.0
226.6138364103844,8.0
227.98585626579606,7.0
228.06202245227325,6.0
228.08808029051426,7.0
228.70975958716562,6.0
229.0694517413449,7.0
229.34431927659378,8.0
230.47881590316376,9.0
231.8558425056412,8.0
232.35147774670793,9.0
232.7566460244627,10.0
233.925556663702,9.0
234.02531779888528,10.0
235.50282356406004,9.0
236.18225148337262,8.0
236.401473609417,9.0
236.6813081843209,8.0
238.34001616433122,7.0
239.3392399231424,8.0
239.3895229683622,7.0
239.4221690427302,8.0
239.7860832134703,7.0
239.9527642199863,8.0
240.5766070740474,7.0
240.83705394216327,8.0
241.89067340297262,9.0
242.6684458580299,8.0
243.01411004161287,9.0
243.51135158083287,10.0
243.8631860121143,9.0
244.12299549730673,8.0
246.48641046000606,9.0
247.00007059763706,10.0
247.54393733042778,9.0
247.74251338203013,10.0
249.98173878019915,9.0
250.33643718286598,8.0
250.34283568855454,9.0
250.53411465104193,8.0
250.99484939999707,7.0
251.17233746828643,8.0
252.0081178879732,7.0
253.0481271296186,6.0
253.57144683091573,5.0
253.8337713376442,6.0
254.52200849103656,7.0
255.32940274415566,8.0
256.1369367976442,9.0
256.4468514794831,10.0
257.0155070863489,9.0
257.1967558799932,8.0
257.9238650384823,9.0
257.9682141190002,8.0
258.34622257349537,9.0
260.3941771349791,8.0
261.6696096604207,7.0
262.00311968334626,8.0
262.3547581132097,9.0
263.37532070014623,10.0
264.01122402295994,9.0
264.87812579913725,10.0
265.09390706434505,9.0
265.9588001554499,8.0
266.10310405464594,9.0
266.1613260294187,8.0
267.7280065737028,7.0
268.4434332627085,8.0
268.69860680421726,7.0
268.9036610826388,8.0
269.00628962872076,7.0
269.9945690914426,8.0
270.87627677982204,9.0
272.3201380793214,8.0
272.32563545958243,9.0
272.36601581150325,8.0
272.6848998123114,9.0
273.8852040196348,8.0
274.8557454699334,9.0
275.07640808527754,8.0
276.24846892944737,7.0
277.0207622051466,8.0
277.10975422659067,9.0
278.44436558271576,8.0
279.1670798511753,9.0
279.41921420186765,8.0
280.6317617237357,7.0
281.31873718110734,6.0
281.36943497732443,7.0
281.5166800470036,8.0
282.81526142656026,7.0
283.3063739646645,6.0
283.9029717078475,7.0
284.6504785302656,8.0
285.4329002332313,9.0
285.45092893342184,10.0
286.42839128450896,9.0
287.35734392356716,8.0
287.5929892425693,9.0
287.79629024692116,8.0
287.82380248263667,9.0
289.74398000331325,10.0
290.1247544567658,9.0
291.45950367544657,8.0
291.6991441833687,7.0
292.47182260014785,8.0
293.6179316112369,9.0
294.0116659986936,8.0
294.7133505453006,9.0
294.75242773909775,10.0
294.9240671166667,9.0
295.7012478880235,8.0
296.1027468939849,7.0
296.5629068059329,8.0
297.9351605986484,7.0
298.1686588911044,6.0
298.5215615200469,7.0
298.82464691599387,8.0
299.6963842551747,9.0
299.805661879182,10.0
301.6487710749697,9.0
301.6839440039664,10.0
302.3438945382034,11.0
303.4511232795693,12.0
303.82713096638764,11.0
303.91961238614795,10.0
305.3320956479146,9.0
305.7564521134826,8.0
306.13584583268806,9.0
306.9317523400725,8.0
308.1828327943167,9.0
308.5309491642143,10.0
308.9958085354141,9.0
309.3714372286702,8.0
309.6693543357439,9.0
310.0764396852223,8.0
310.4990619632874,9.0
310.51877981164034,8.0
312.6294683081708,9.0
312.887036817465,8.0
313.304979223304,7.0
313.67879683062495,6.0
313.81384283796467,7.0
314.58271557859337,8.0
316.06937635085455,9.0
316.09062478267026,10.0
317.7303762346348,9.0
318.3287776666108,10.0
318.7209555141841,9.0
318.95535490458246,10.0
319.09688250560276,9.0
320.1166090989477,8.0
320.95055500711544,7.0
322.03375873334716,8.0
323.71887854989905,9.0
324.11712791397156,8.0
324.3400478267182,9.0
324.40382057423136,10.0
324.8812938375315,11.0
325.03864263191133,10.0
326.42922710928843,9.0
326.474291139576,8.0
326.7674104553236,9.0
326.80535813368255,8.0
328.35445888190037,9.0
328.64764057324146,10.0
328.81286683423707,9.0
328.9683852240379,8.0
329.78206783275823,9.0
331.444688798339,10.0
331.7342853340677,11.0
333.3979161036763,10.0
333.89195244825794,9.0
334.5357934534637,8.0
334.5765802510461,7.0
335.3319324080438,6.0
335.72714341824764,7.0
336.8914687180567,8.0
337.7261435606263,7.0
338.3167353637279,8.0
338.65323324499167,7.0
338.7330350362872,6.0
339.2692837743624,7.0
340.11065967912026,8.0
340.21854761329956,7.0
341.4212359010602,8.0
341.85750756203845,7.0
341.9797266898092,6.0
342.450419175045,7.0
342.95400044530646,8.0
344.0240487208206,9.0
344.9863882440085,10.0
345.73284363203254,9.0
346.0601020650383,10.0
346.6328311345601,11.0
347.31045576717514,10.0
349.447381064286,9.0
349.4617596336672,8.0
351.00568152829237,7.0
351.5547242768056,8.0
352.0145765974777,9.0
352.6907787186181,10.0
353.62836970585977,9.0
354.0136762329212,8.0
354.16434268351634,7.0
354.4436135501105,6.0
355.0291738599477,5.0
355.4044140968237,6.0
355.5161852266209,7.0
356.1806136377157,6.0
356.3111411933324,7.0
356.51200833061114,8.0
356.66659942344387,9.0
356.778057945642,8.0
357.7587183579802,9.0
358.3838232310618,10.0
360.00799042637243,11.0
360.44186602405426,12.0
361.58502994593533,11.0
362.058291303997,10.0
362.71848800436607,9.0
365.78372955991864,8.0
366.0572534520438,9.0
366.31433997282244,8.0
366.59481930912386,7.0
366.71691510892686,8.0
366.7186249452229,7.0
367.3142031875425,6.0
367.8284892386943,5.0
368.4608118432194,6.0
368.56773435067595,5.0
369.88995793096706,6.0
370.01197362847836,5.0
370.1709755823827,6.0
370.5715723788788,7.0
370.96946484722406,8.0
371.41677901825557,9.0
371.6076430901936,8.0
372.8835917811335,9.0
374.5024753117045,10.0
374.99672939797773,11.0
375.69007996947784,12.0
377.0099050824126,11.0
377.91629051425946,10.0
379.4165736997898,9.0
380.57757882113873,8.0
380.58003158655066,7.0
380.76631817994064,6.0
380.822289705611,7.0
381.24828296456326,8.0
381.6804773489938,9.0
381.7450180444042,8.0
382.39690649002034,7.0
382.91555013949386,6.0
384.2441626937561,7.0
384.60420581963723,6.0
385.0861462677942,7.0
385.67758603544377,8.0
386.0271984509285,9.0
386.8555378822329,10.0
386.9776316961006,9.0
387.6099345097547,10.0
387.7179081153792,9.0
390.388492497173,10.0
390.85353042128247,11.0
391.20029333214427,10.0
391.7945780768725,11.0
391.8018972942383,10.0
392.562601598108,9.0
395.15772070210335,8.0
395.47612578815716,7.0
395.841281936254,8.0
396.21063770816454,7.0
396.84838753868013,8.0
397.1091843945277,7.0
397.202822708195,6.0
397.2421042318898,7.0
397.8242063837943,6.0
400.1529318575513,7.0
400.6789711944691,8.0
400.7489810973312,9.0
400.78197583547603,10.0
401.2179577202308,9.0
401.92281503085627,8.0
402.5044855760259,9.0
402.8675832970649,10.0
403.2277185387461,9.0
404.6663747328357,10.0
406.28351152318993,11.0
407.38284875820455,10.0
407.4898355177277,11.0
407.63251754644557,10.0
408.4377303944521,9.0
410.7804890396019,8.0
410.78407737317605,7.0
411.3754959804623,8.0
411.5996082468364,7.0
411.9066043822124,6.0
412.46948147104206,7.0
412.5288407804509,6.0
412.80637064442703,7.0
413.054176479727,6.0
413.21862899608567,7.0
414.92253285981025,6.0
415.66482145451994,7.0
415.9575363848913,8.0
417.50963374881985,7.0
417.6181546727919,6.0
417.71869805023937,7.0
418.468793853562,8.0
418.96345427152437,9.0
419.46057461107705,10.0
421.5605880977114,11.0
421.61391865441675,10.0
422.5108383911207,9.0
422.90460285837474,8.0
422.91951737611043,9.0
424.14448545472686,8.0
426.317620525137,7.0
426.4019669651211,6.0
426.81624664192634,7.0
427.15095468465984,8.0
427.35172215219217,9.0
427.58827108210494,10.0
428.99738705897306,9.0
429.38399564047563,8.0
429.59998977078556,7.0
429.67380643683873,6.0
430.52236035329446,7.0
431.6982168323669,6.0
432.1227613497612,7.0
433.2165431960386,8.0
433.9160606114837,7.0
434.398699630076,8.0
434.775346975585,9.0
435.0003079851256,10.0
436.88414799919667,9.0
437.47343660281393,10.0
437.5192520138772,9.0
437.8535335606183,8.0
438.2090868571209,7.0
438.3234293607582,8.0
440.2838336569365,9.0
440.7674127507839,10.0
440.86036344133385,9.0
441.9313050700211,10.0
442.6099552132275,9.0
443.43045549040363,10.0
444.05004587164575,9.0
444.94808973714845,8.0
445.3279950670362,7.0
445.3720461618213,8.0
445.49806410558364,7.0
447.05964243917845,8.0
448.0475051874509,9.0
448.09713334362453,8.0
448.5800932577298,9.0
448.6445461643889,8.0
449.18953941522415,9.0
449.9623762687173,10.0
450.3222410875352,9.0
450.8246199539523,8.0
452.1422128746851,7.0
452.94055060661844,8.0
453.7118069708453,7.0
454.091195789885,8.0
456.08647082758614,9.0
456.35517351035065,8.0
456.64151142509684,9.0
457.5492609158338,8.0
457.81213854929086,9.0
458.9837920313365,8.0
459.2571423085619,7.0
459.46428475410835,8.0
459.65543038985993,7.0
460.725580407886,8.0
461.4235455294425,7.0
462.21158373620915,8.0
463.0343828673354,9.0
463.3019744736168,8.0
464.0530245887726,9.0
464.32382538662614,10.0
465.6156336657517,9.0
466.08663444743604,10.0
466.66923620397034,9.0
466.96635479214257,10.0
466.9745626687346,9.0
467.88125315888533,8.0
469.47933619802046,7.0
470.6675351238174,8.0
471.08387046973337,7.0
471.38933270272565,8.0
471.62137399286496,9.0
473.0635912444319,8.0
473.887231975029,7.0
474.0081632869595,8.0
474.5280079444351,7.0
474.6220655086465,6.0
474.94113194544855,7.0
476.2119663864399,6.0
476.43832782986067,7.0
476.6045231250242,8.0
476.9399117599222,9.0
477.02414928000013,8.0
477.91253146019574,9.0
479.83854589843395,10.0
480.627841021422,11.0
480.7564969873234,10.0
481.64851720403954,9.0
481.9793535089692,10.0
482.1864881498096,9.0
485.05326672612273,8.0
485.19312457108913,7.0
485.87597963762005,8.0
485.9935559095799,9.0
485.99987232220053,10.0
487.0892443024147,9.0
487.4129987822784,8.0
487.80091459883516,7.0
487.98476403656457,6.0
489.53791415965645,7.0
490.02409118089696,8.0
490.29650879008,7.0
490.65746601671367,6.0
492.0193950284058,5.0
492.06813333539856,6.0
492.35956411011523,7.0
492.4476117339387,8.0
492.73526106181356,9.0
495.3826515805231,10.0
495.39241602535265,11.0
496.13450730579774,10.0
496.39222439230264,11.0
496.4098163195852,10.0
496.4540295232171,9.0
499.34405139496397,10.0
499.59310643143874,9.0
500.1068977642597,8.0
500.22370618844525,9.0
501.484937027516,10.0
502.32440420039194,9.0
502.7283964600565,8.0
502.73753112960947,7.0
503.65455173535474,6.0
504.9760759972373,7.0
505.2714520278803,8.0
505.4160339324014,7.0
505.57450707534184,6.0
506.4955062835741,7.0
507.29004823795674,8.0
507.7171935336747,7.0
507.84960168209966,8.0
508.34452038552394,9.0
509.60471659817154,8.0
510.76866485168057,9.0
510.8233874851326,8.0
511.4900872556721,7.0
512.0550296427441,8.0
512.1298292614459,9.0
512.6205066925621,10.0
515.5062524389218,9.0
515.8139126443316,8.0
515.8521371450986,9.0
516.7956201196205,8.0
517.6732368389326,9.0
517.8838982621387,8.0
519.6079547314454,7.0
519.8566082784525,8.0
520.5370639337206,7.0
520.7254275600793,8.0
520.7894281699387,7.0
522.1187379648055,8.0
522.3442334977182,7.0
522.4426053871551,6.0
522.6732490570431,7.0
523.1090552205981,6.0
523.2398072224424,7.0
523.2759263169195,8.0
525.4234563543639,9.0
525.912813759143,10.0
526.2959790281718,11.0
526.4134253644302,10.0
527.2776916396617,11.0
527.6955493476324,10.0
529.901148956637,9.0
531.0852322060445,10.0
531.6263268551236,9.0
532.3971626353552,8.0
532.6681837791004,9.0
533.5067136052319,8.0
533.9771971746355,7.0
534.3097970731405,6.0
535.1297277419602,7.0
535.321574984454,8.0
535.9288687150022,7.0
536.1790265214202,6.0
536.555060073092,5.0
536.8753218726836,6.0
537.3472469477604,5.0
537.4485431433235,6.0
537.9030495765766,7.0
538.4306164522452,8.0
538.9579363100354,9.0
539.8865474252423,10.0
541.5577306796673,11.0
541.8118529101382,10.0
542.0979659602262,11.0
542.7332216484627,10.0
545.3896566551796,9.0
547.1421521198408,8.0
547.3765516836654,9.0
547.4050578354659,8.0
547.6329904014475,9.0
547.9954791382779,8.0
548.1020496831916,7.0
548.5128522773177,6.0
549.5354110351886,5.0
550.0627262388822,4.0
550.1563602981704,5.0
550.5365081050586,6.0
551.0915546800376,7.0
551.1868328265216,8.0
551.9471133540516,7.0
551.9739692352839,8.0
552.5704003321611,7.0
552.6845690129943,8.0
555.2301791908227,9.0
555.2324818719754,10.0
555.4863350771459,11.0
557.4458913169392,12.0
558.1553026052775,11.0
558.7427481781726,10.0
560.1596635056026,9.0
561.2006348833735,8.0
561.5288760365589,7.0
562.1341443696742,8.0
562.1391125862187,7.0
562.7493693565775,6.0
562.7999003074784,5.0
563.2886607984397,6.0
564.4946309144572,7.0
564.5673377343668,8.0
565.527418697909,7.0
565.6451491774554,6.0
566.6374404187848,7.0
566.6517667921458,6.0
567.8693223723948,5.0
567.9089705507149,6.0
567.9498864850646,7.0
568.038500850785,8.0
569.9992164196632,9.0
570.0579422676238,10.0
570.7148153213553,11.0
571.4341094156999,12.0
572.6372583709051,11.0
574.575430646578,10.0
574.8416006318789,9.0
574.8839804011701,8.0
576.9259269365805,7.0
578.0142199629302,6.0
578.1902940715152,5.0
578.2554881112305,4.0
578.5817740561355,5.0
578.9585484539377,6.0
579.4331750596965,7.0
580.0993029764268,6.0
580.3068855563716,5.0
580.798761468163,6.0
581.0491069575396,7.0
581.6018419858656,6.0
581.8141510021084,5.0
582.5947344660522,6.0
583.3128928272265,7.0
583.8986947532587,8.0
584.9796035284292,9.0
585.4981700737682,10.0
585.5665755953582,11.0
586.5587765707407,12.0
588.6260415708866,11.0
589.5729654331882,10.0
590.3166504585739,9.0
591.0158476002898,8.0
591.9848811999047,7.0
592.3775612440011,8.0
593.2374965903742,7.0
593.4915350202918,8.0
593.5080419006144,7.0
593.5232573895017,8.0
594.3316603060804,7.0
595.0349768716464,6.0
595.5186352664637,5.0
596.2696952808428,6.0
596.7403158381778,7.0
597.21047464708,6.0
597.4784140733633,7.0
597.5561162481501,8.0
597.704646116264,7.0
598.8117286520533,8.0
600.1481940029861,9.0
600.1888115048332,10.0
600.4431036778623,11.0
600.8492021456894,12.0
602.6866903215022,11.0
603.7009931278578,10.0
603.9504827171437,9.0
606.7407508729285,8.0
606.8131009527444,9.0
607.4074035357231,8.0
607.4503348069612,9.0
607.4902978918489,8.0
608.7811517241806,7.0
609.1041623433782,8.0
609.5463580967852,7.0
610.2086795878986,6.0
610.8840251895786,5.0
610.9988178925236,4.0
612.0893845750066,5.0
612.133245717911,4.0
612.5823239307038,5.0
613.116081476733,6.0
613.148503784597,7.0
613.4662656201035,8.0
613.9147758427353,9.0
614.2153153728352,10.0
615.6028967022387,11.0
615.6681832204333,12.0
617.7154832193346,11.0
617.9627732601551,10.0
619.1927945664049,9.0
621.2649944447862,10.0
622.5326730352631,11.0
622.700545805139,10.0
622.9305909362838,9.0
623.1314030837299,10.0
623.9203296591049,9.0
624.1038866242354,8.0
624.1929919084237,7.0
624.3234286048995,6.0
624.65078808296,5.0
625.8124212007276,4.0
625.8916393183822,3.0
626.4467786992224,4.0
626.8630457039968,5.0
627.1412404518368,6.0
628.4687389356941,7.0
629.2282822585092,8.0
629.4182162581234,9.0
629.8003980912421,10.0
630.1313900749246,11.0
631.3133700267039,12.0
631.3676182943979,11.0
632.8504840598115,10.0
633.3470676232057,9.0
636.6749084216914,10.0
636.9718716349798,9.0
637.030201052722,8.0
637.6765203585917,7.0
637.7462223282698,8.0
638.3426791694558,9.0
638.8834478779448,8.0
639.4116907976818,7.0
639.683336053732,6.0
640.2901548550633,5.0
640.3282958893858,4.0
640.5567532330427,5.0
641.4858495022871,4.0
641.8619551768455,5.0
642.0845551788874,6.0
642.3534277777195,7.0
644.1574808279255,8.0
644.4465896387923,9.0
644.8486615667332,10.0
645.1387744016832,11.0
645.8642386897931,12.0
647.0522578312044,11.0
648.0178449864824,10.0
648.8267498276348,9.0
650.8331372550565,8.0
652.3606548163398,9.0
652.4209883823248,8.0
652.597852762974,7.0
652.966209556733,8.0
653.0475085464195,7.0
654.2567922832789,6.0
654.5360813073083,5.0
654.860407472859,6.0
654.8760482204664,7.0
655.4496657151594,6.0
655.7170844987326,5.0
656.3705482310927,4.0
656.9118924991346,5.0
657.5951846039198,6.0
658.2243050734213,7.0
659.2007663881453,8.0
659.3471922104426,9.0
659.5895802459052,10.0
660.7362770786432,11.0
660.7840379953885,12.0
663.1410353602652,11.0
663.7013808155914,10.0
665.2741701295405,9.0
665.4923213568446,8.0
666.9715940469999,7.0
667.1771469438107,8.0
667.6750973540176,7.0
668.2718041548638,8.0
669.1619216410273,7.0
669.5660640258026,6.0
669.8962878786053,5.0
670.083191327852,4.0
670.6801276182107,5.0
670.865741116521,6.0
670.8895565765794,5.0
671.3924913726486,4.0
671.4998167467717,5.0
673.5275580082979,6.0
674.2267588093804,7.0
674.2296301394077,8.0
674.3305155483753,9.0
674.3333056186282,10.0
675.4414283063232,11.0
676.0674324005033,12.0
677.2733729292102,11.0
678.2875676816618,10.0
680.8507194367452,9.0
681.2107241570917,8.0
681.869132867705,9.0
681.9815096316336,8.0
682.8061361216761,9.0
683.6567549931283,10.0
683.6790253174818,9.0
684.3641292010186,8.0
684.3648771740677,7.0
684.7932618874777,6.0
684.975951739555,7.0
685.63357237118,8.0
685.6635289325643,7.0
686.2379805345644,6.0
686.2722500636617,5.0
688.0099712184804,6.0
689.3857531102524,7.0
689.4497849448278,8.0
689.6288799093344,9.0
690.2251709683671,10.0
691.4139245030279,11.0
691.4859578129401,12.0
692.0477634362063,11.0
693.1457739638126,10.0
695.1917465436768,9.0
695.2619882734335,8.0
695.8359404875787,7.0
696.0336478614228,8.0
698.1260709985668,9.0
698.3184319674154,8.0
698.5181430865713,9.0
699.407953035011,8.0
700.2051799021554,7.0
700.8753651040525,8.0
701.0001949863704,9.0
701.1185162060787,8.0
701.5839520087854,7.0
701.7244009754194,6.0
702.397652566871,5.0
703.4735522506851,6.0
703.8155359993145,7.0
705.1593832419734,8.0
705.7776666817354,9.0
705.8317908416265,10.0
706.0976185102011,9.0
706.263697243326,10.0
707.5710127023419,11.0
708.3405977929523,10.0
708.5882489481766,9.0
711.3850838860383,8.0
711.7079973851713,7.0
712.6653575483698,8.0
712.7150906790964,9.0
714.1238797997598,10.0
714.6993564979084,9.0
714.8552218788401,8.0
715.260646166041,7.0
715.4209105953536,8.0
715.7942462129523,7.0
716.3225843830762,6.0
716.3747531343071,5.0
716.9968204057524,6.0
717.6623736506107,5.0
718.4948704137577,6.0
718.7499398262403,7.0
719.804196954488,8.0
720.3610315885879,9.0
721.0633754684463,10.0
721.6949344886092,11.0
722.8292591099483,10.0
723.2164525365798,9.0
723.2606048206508,10.0
724.3728905153522,9.0
726.1912137362123,8.0
726.9149204493779,9.0
727.7204813074997,8.0
728.0354296180683,9.0
728.5547176935212,8.0
728.7531210997407,7.0
728.9645946495879,8.0
730.3372580991473,7.0
730.8932856231776,8.0
731.1455441304108,7.0
732.1199814252659,6.0
732.1398306024923,5.0
732.6853807609858,6.0
733.7943218078607,5.0
733.9437962233662,6.0
734.2913411876806,7.0
734.3466219421126,8.0
734.4785613073631,9.0
734.7893234011281,10.0
736.1811964435169,11.0
737.2268145883663,10.0
738.3245324005887,11.0
738.3885382975167,10.0
739.2900892917927,9.0
740.9029102019858,8.0
740.9808293495782,9.0
743.1470011611198,10.0
743.5335700741958,9.0
744.3816622738481,8.0
744.389750249111,7.0
744.4813713381859,6.0
744.7267914115461,5.0
745.2670994093107,4.0
745.7317402043773,5.0
746.3581178122695,4.0
747.0566790300077,5.0
747.410909789012,6.0
748.4434799712096,7.0
748.9257112071706,6.0
749.252822520589,7.0
749.5227189559712,8.0
749.9479936590672,9.0
750.3377727247504,10.0
750.9614787941977,11.0
751.7863112457655,10.0
753.4381994037019,9.0
754.3278414315023,10.0
755.8340659179961,11.0
755.8971648888765,10.0
757.2580892661442,9.0
757.5678464580994,8.0
758.5913487173862,9.0
758.6230232240332,8.0
759.588394998426,7.0
759.6377301566249,6.0
759.6542234423032,7.0
760.2332529051209,6.0
760.9578196342105,5.0
761.3446532379511,4.0
762.1109115850945,5.0
762.4027414687965,6.0
762.6180972320093,7.0
764.4435828166035,6.0
764.810856907743,7.0
765.5208466330097,8.0
765.6721048881028,9.0
765.9031013556536,10.0
766.517757123048,11.0
766.8359270475105,10.0
768.7867606515055,9.0
769.3349974014566,10.0
769.8162011163374,9.0
770.9210519554165,10.0
772.4430012680147,9.0
772.6364880381237,8.0
774.1491386928436,7.0
774.6287284125498,8.0
775.3251667226837,7.0
775.3748499922519,8.0
776.0662611223845,7.0
776.3568343697183,6.0
776.5578687911234,5.0
776.8804457847167,4.0
777.7055862317671,5.0
778.456266213864,6.0
778.4680292518347,7.0
778.7834495563608,8.0
778.8920989010351,9.0
779.5970097703665,10.0
779.8312273720201,9.0
780.9364607630664,10.0
781.0328600438555,11.0
781.6117859460514,10.0
784.5884381766949,11.0
784.7257644507827,10.0
785.4602669823223,9.0
786.8885133530554,10.0
788.4985215264567,9.0
788.6669139041563,8.0
788.9744771921904,7.0
788.9957625021342,6.0
789.032674820582,5.0
789.5484220190871,6.0
789.8253626458684,7.0
790.1039164331992,6.0
791.4117673346913,5.0
791.4235777190206,4.0
792.4801086275728,5.0
792.7452368530542,6.0
793.388035809463,7.0
794.2993407846013,8.0
794.3133721450725,9.0
794.4359043181074,10.0
794.6431586610033,9.0
794.8500288772236,10.0
795.8670746841758,11.0
796.8909386069951,10.0
798.4041925883664,11.0
799.9188806004506,10.0
800.8486005914282,9.0
802.2223417763955,10.0
803.0511498613756,9.0
803.1919702326135,8.0
803.4387833497815,7.0
803.5870474455834,8.0
804.3527683087038,7.0
804.6538601322671,6.0
804.7471826946222,5.0
805.0267191644984,4.0
805.1221485749088,5.0
806.2311665105864,4.0
806.8737550632594,5.0
807.9766035931668,6.0
808.3437186520322,7.0
808.7093280421408,8.0
809.0005065319203,9.0
809.019180899447,8.0
809.4850641732835,9.0
810.4185250898076,10.0
810.8835378871474,11.0
812.5785269215776,12.0
813.0261515392835,11.0
813.612386548175,10.0
815.4208175872336,9.0
817.0916491255659,8.0
817.8829195754415,9.0
818.1718696970538,10.0
818.3038053952295,9.0
818.3582406058581,8.0
819.1020800075942,7.0
820.1002694996258,8.0
820.4669464114353,7.0
820.9524522360028,6.0
821.149876526879,5.0
821.4269985216246,6.0
821.8040690952201,5.0
822.5257361452194,6.0
822.6163197751156,7.0
822.6221238308545,8.0
822.6809168478696,7.0
824.286339296764,8.0
824.321299186047,9.0
825.7080172264538,10.0
825.9116868058538,11.0
827.9513158931526,12.0
828.4887899131547,11.0
829.3565096199592,10.0
830.7037171071873,9.0
832.0945497885676,8.0
832.6553282274241,7.0
832.6672468854043,6.0
832.8737066849817,7.0
832.9557304769124,6.0
833.3576505239315,7.0
833.9280093599626,8.0
834.399556041169,7.0
834.7414383529848,6.0
835.762129360237,7.0
836.0697728607619,6.0
836.4510385542715,7.0
837.2924362005813,8.0
837.3391250853158,7.0
838.8021839263544,8.0
838.8673855614434,9.0
838.9576183739294,8.0
839.887060572199,9.0
840.6448528956818,10.0
841.820735782354,11.0
842.213000534743,12.0
843.1732454220493,11.0
843.3952440609397,10.0
843.9648785757879,9.0
846.2269325719677,8.0
846.4564797503823,7.0
847.3916971485592,6.0
847.8329622292748,7.0
847.9621742996304,8.0
849.0760653934656,7.0
849.193481242021,6.0
849.4778820059096,7.0
850.559525219008,6.0
851.1688433110836,5.0
851.5711556049137,6.0
851.955542027138,7.0
852.5445294041208,6.0
852.6295775034276,7.0
853.2511028868355,6.0
854.434207413717,7.0
854.490197026741,8.0
854.8640525216159,9.0
856.5251083793003,10.0
856.6988430770836,11.0
858.0467238724829,10.0
858.1350963609993,9.0
858.2490193592821,10.0
859.5800786579604,9.0
861.734613397805,8.0
862.023943852948,7.0
862.6238166700184,8.0
862.7605898313204,7.0
863.1890901543046,8.0
864.1501941528794,9.0
864.5667276898599,8.0
864.5713495969216,7.0
864.8755396274688,6.0
865.9969144589126,7.0
867.470288325216,6.0
867.5658673740722,7.0
867.6367515554297,6.0
867.8642878298368,7.0
867.9099117845275,8.0
868.2875239973043,7.0
869.4860281285004,8.0
870.4428031150273,9.0
872.4311737734254,10.0
872.4616586561251,11.0
872.6349593109842,10.0
873.763598935745,9.0
874.406084316421,8.0
874.7017677245273,9.0
875.9943597697351,10.0
876.0274339015931,9.0
877.6365909431763,8.0
877.9189705342077,7.0
878.3366482236955,6.0
878.9057098354014,7.0
879.8550656948552,6.0
879.9199381697981,7.0
880.4407272447139,8.0
880.7027948735805,7.0
882.3915245743852,8.0
882.6126967462021,9.0
882.6838643054031,8.0
883.0877202552592,7.0
883.3424409989225,8.0
883.9957484177523,9.0
884.7070875081732,8.0
885.6393008376007,9.0
885.6434821771326,10.0
886.1050527136636,9.0
886.8216905005721,10.0
887.7338425437824,11.0
889.2449354036897,10.0
890.3254527014789,9.0
890.5687887120708,8.0
891.0836218764632,9.0
892.6802707318865,8.0
893.4575448154654,7.0
893.9201149544925,6.0
894.3312511173519,5.0
894.4665707785948,6.0
894.6661374077484,7.0
894.9329979039969,8.0
895.8118407255552,7.0
896.4273659877454,6.0
896.7171781817102,7.0
897.4855280083224,8.0
897.5032470641304,7.0
897.8334428796561,6.0
898.855339923872,7.0
899.2113905085383,8.0
899.7420655288746,9.0
901.5993347187463,8.0
901.6341280197929,9.0
902.5340600871779,10.0
902.7147074020648,11.0
904.9817068358171,10.0
904.9946201330216,9.0
905.0845477092914,8.0
906.8346868455664,7.0
907.4243597672122,8.0
907.8205930942619,7.0
908.7011244951981,8.0
909.0817840848198,7.0
909.3185897152295,6.0
909.6360098607059,7.0
909.8742439837991,6.0
910.4071965703162,7.0
910.9944721360977,8.0
911.4570991276616,9.0
912.5812606638656,8.0
912.7448356761192,7.0
913.0779981379347,6.0
914.1678495863755,7.0
914.6122985021406,8.0
915.1890093153645,9.0
915.4510593839826,10.0
917.6119989175016,9.0
917.6822283892064,10.0
918.4225760270342,11.0
919.6646751317538,10.0
919.80119862558,9.0
920.6402086635304,8.0
921.0285026244582,7.0
922.2418796602661,8.0
922.4799591044477,7.0
924.0319907438951,8.0
924.2886020445895,7.0
924.9159329431386,8.0
925.4092673177287,7.0
925.7328940397841,8.0
925.8874768107124,7.0
926.4900892932956,6.0
926.7496556683597,7.0
927.2031989087029,8.0
927.6942824444232,7.0
928.9199178017406,6.0
929.0868253576602,7.0
930.5832482962142,8.0
930.7428515098078,9.0
931.5443127427366,10.0
932.3218652626252,9.0
933.3317479953585,10.0
934.7178239898504,9.0
934.7997617384543,10.0
935.5776429769617,9.0
936.5876942324047,8.0
937.139083663614,7.0
937.3326035933782,6.0
937.9253582043085,7.0
938.8097334452382,8.0
939.453492341831,7.0
939.7439331527039,8.0
940.4597853458971,9.0
940.7097397397623,8.0
941.0072979304688,7.0
941.6348162518676,6.0
942.8734990511056,7.0
943.0196766788065,8.0
943.519763612622,7.0
943.6881404164058,8.0
945.2113483502199,9.0
945.6231216766197,10.0
945.8767586726096,9.0
947.382357613873,10.0
947.5009563875185,11.0
948.2409889602815,10.0
948.8656412201826,9.0
949.8042852949442,8.0
950.0215196866772,9.0
950.708171640924,8.0
951.8288925442713,9.0
952.7550872439484,10.0
953.0325680693825,9.0
953.0397903367273,8.0
954.5248887516019,9.0
955.123417733261,8.0
955.7100222324152,7.0
955.8539334993632,6.0
956.6941853756408,7.0
957.0218915818501,8.0
957.0759315331013,9.0
957.5334985893495,8.0
957.5621303062328,7.0
957.8314349777626,8.0
959.9918598254374,9.0
960.1583184822406,8.0
961.673016841678,9.0
962.5064332337445,10.0
962.6259519230205,9.0
963.4481245304527,10.0
965.5748542580026,11.0
965.7217312166545,10.0
965.8663611694739,9.0
966.2055504902091,10.0
966.704583946324,11.0
966.824423496797,10.0
967.1972095536206,9.0
967.3620740515953,8.0
969.3502811092734,7.0
969.519308341889,8.0
970.4553589031699,7.0
971.3827510132234,8.0
971.667126938363,9.0
972.1440068007847,8.0
972.4398752230682,9.0
973.0336888372531,8.0
973.0914097540402,9.0
973.3830624864108,10.0
973.9920238975936,9.0
975.2470214713595,10.0
975.4078599579715,11.0
976.0606683679728,10.0
976.5289117516506,9.0
976.8560162824637,8.0
979.3977239593831,9.0
979.5862370140347,8.0
979.9653464783361,9.0
981.1902512652917,10.0
981.6856640979979,9.0
982.0798411518584,8.0
982.1574591155621,9.0
982.7474949533944,8.0
983.3898396657338,7.0
984.2798276313862,6.0
985.2369217799869,7.0
985.6690673929592,8.0
985.6857887545885,7.0
985.728156212994,6.0
986.379852537518,7.0
986.3912543324601,8.0
987.5014463163975,9.0
989.4752437430357,8.0
990.2026613304374,7.0
990.4709156048089,8.0
990.7096882541161,9.0
990.8430990121074,10.0
992.0586090805679,9.0
992.4346652576414,8.0
993.9623766960816,9.0
995.5477969030874,10.0
995.5745064256753,11.0
995.6895732784968,10.0
995.7504655365686,11.0
995.8920475795339,10.0
996.4397161125964,9.0
996.4652449143297,8.0
997.5575556187789,7.0
998.6777988405028,8.0
1000.5540683726447,9.0
1000.5962747873376,10.0
1000.7832363594993,9.0
1001.1181529817874,8.0
1001.12619262245,9.0
1001.164378259828,8.0
1001.4037226215019,9.0
1004.3861748274535,8.0
1006.0166839612043,9.0
1006.109319666594,10.0
1006.142533768235,11.0
1006.1484142883962,10.0
1006.3927301395426,9.0
1007.0260937908027,8.0
1008.2818339985342,9.0
1009.124434026155,8.0
1010.6330455590296,9.0
1010.7232921437379,10.0
1010.8193429506085,9.0
1010.8537354449134,10.0
1011.6831368861241,9.0
1012.200847003906,8.0
1012.6398907141183,9.0
1013.0967421672809,8.0
1015.4167621626422,9.0
1015.4561784009774,10.0
1015.9716059148669,11.0
1016.2629007465873,10.0
1016.3785875589443,9.0
1016.9575436026429,10.0
1017.0179156492386,9.0
1018.2996930735671,8.0
1020.5105562869663,9.0
1020.6936520968175,8.0
1020.8213453851932,7.0
1021.122266289426,6.0
1021.217697911359,7.0
1021.693140154636,8.0
1023.501571612679,9.0
1023.5432679344729,10.0
1024.2586084857317,9.0
1025.5140873560192,10.0
1025.5471310675423,9.0
1025.6954638659618,8.0
1025.8566578136354,9.0
1026.0874776351934,8.0
1027.0263455369973,7.0
1027.619039108224,8.0
1029.6768284129955,9.0
1029.9432724474962,10.0
1031.1976973589826,9.0
1031.3412497117413,8.0
1031.5593049808617,9.0
1031.7659772162644,8.0
1032.5170831662444,9.0
1033.5899692211797,8.0
1033.9832341119431,7.0
1035.9561722755082,6.0
1036.234061210978,7.0
1036.6756890294118,8.0
1036.6841896732788,9.0
1036.9972171893014,8.0
1037.4140241299745,9.0
1037.7713897905078,8.0
1038.8973294755099,9.0
1039.516216964223,10.0
1039.8444218521327,11.0
1040.354192337084,10.0
1040.393837574338,9.0
1041.9701860870387,8.0
1042.4955099011665,9.0
1042.5382950537003,8.0
1043.845619949806,9.0
1044.403356180403,10.0
1046.5157376656982,9.0
1046.6966271174517,8.0
1047.006764866203,7.0
1047.6716421958504,6.0
1047.9369105732778,7.0
1048.4636677183196,8.0
1050.1813558606266,9.0
1050.394497639493,8.0
1050.4808771950695,7.0
1051.1827258564488,8.0
1051.5048691394688,7.0
1052.8672839848105,8.0
1052.894983155127,9.0
1052.9025541167462,10.0
1053.4769779309281,11.0
1053.8649271841227,10.0
1055.1848622242396,9.0
1055.3097711309758,10.0
1055.3424955612534,9.0
1056.1093710432922,10.0
1057.7693209150648,11.0
1058.8403612328295,10.0
1059.2665943935224,9.0
1060.6861332709288,8.0
1060.8640593245607,9.0
1061.3451217572797,8.0
1063.1553627070762,7.0
1063.228643223813,6.0
1063.3900515177354,7.0
1063.541802858255,6.0
1063.800393583292,7.0
1064.726091292023,8.0
1064.8499282154132,7.0
1066.159462639725,6.0
1066.604256686361,5.0
1066.671033924814,6.0
1066.8036713839822,7.0
1067.7949834535723,8.0
1067.967474505872,7.0
1068.2283148197685,8.0
1068.9244455710261,9.0
1069.868081716317,10.0
1070.6024944916646,11.0
1071.574286943423,10.0
1072.4970406548691,11.0
1073.709053119962,10.0
1074.7938920024235,9.0
1075.1744597708905,8.0
1076.9212226225154,7.0
1077.0240562236895,6.0
1077.0598504386178,7.0
1077.5545624012877,8.0
1078.2094684351205,7.0
1078.3293676186968,6.0
1079.0582505557986,7.0
1079.0653720044124,6.0
1079.0686807685684,7.0
1080.3418990399114,6.0
1080.806662668983,5.0
1081.52185278301,6.0
1082.3509517199439,7.0
1082.5485813333607,8.0
1082.7339601415192,7.0
1083.0045091224404,8.0
1083.0663705777913,9.0
1085.2659077386213,10.0
1086.2015448796985,11.0
1087.624141967323,10.0
1088.2022986617667,11.0
1088.8492959038783,10.0
1089.2735309782884,9.0
1090.3968920866039,8.0
1091.1139824261375,9.0
1091.8266172844696,10.0
1092.251158322338,9.0
1092.5833390574078,8.0
1092.741970395164,7.0
1092.8741904543908,8.0
1093.1243100773954,7.0
1093.4908167417561,6.0
1094.279494812016,7.0
1095.8127275922116,6.0
1096.5368837934343,5.0
1096.795481916108,6.0
1097.534679799971,7.0
1098.7947752257223,8.0
1099.0775025741434,9.0
1099.173951930103,10.0
1100.2698349897937,9.0
1100.8700772708341,10.0
1101.5225159487218,11.0
1101.9748067558526,10.0
1102.0459704708355,9.0
1102.1607399760298,10.0
1102.9641793079943,9.0
1104.2956508632624,8.0
1104.9498933670068,9.0
1105.4925407003414,10.0
1106.8784217644068,9.0
1107.9613478472374,8.0
1108.451888716686,9.0
1108.7277839631422,10.0
1109.4751286515798,11.0
1109.5138717574152,10.0
1109.5160104657116,9.0
1109.5525796229124,8.0
1110.9111353258932,7.0
1112.0616098674946,6.0
1112.1806198247998,7.0
1112.19631508528,6.0
1112.3387834441048,7.0
1112.8039512341065,8.0
1114.9083218812898,9.0
1115.1324219099238,10.0
1115.3642166820814,9.0
1115.5847404926621,10.0
1115.6418919843316,9.0
1117.4403236548676,10.0
1118.8217749670403,11.0
1119.2868864706272,12.0
1119.4689259839372,11.0
1120.3649182890147,10.0
1121.5645947234198,9.0
1122.2184326395677,10.0
1122.4498775905226,9.0
1122.5115736274086,8.0
1122.9756070225174,9.0
1123.0766090117659,8.0
1124.7499061934373,9.0
1124.9960004910145,8.0
1125.9373215805854,7.0
1126.4865860486457,6.0
1126.7993789615878,7.0
1127.3247226717376,8.0
1127.9155643720565,7.0
1128.5205652074073,8.0
1129.0372449026656,9.0
1129.4111364366343,8.0
1129.811505833705,7.0
1130.3358833156467,8.0
1131.2343392618582,9.0
1132.2188106684653,10.0
1132.259342687619,9.0
1132.2657950831983,10.0
1133.281516335913,9.0
1133.605183402474,10.0
1135.7542593289002,9.0
1136.8398583636092,8.0
1137.2369192112114,9.0
1137.923271121943,8.0
1139.0910554936872,7.0
1139.3889681338978,8.0
1139.7074275611205,7.0
1139.7108608840763,8.0
1140.4819319377166,9.0
1140.841651391316,8.0
1141.4119626068152,7.0
1141.7673597847354,8.0
1142.5978509716988,7.0
1143.142633313977,6.0
1143.36688283021,7.0
1143.6982065033947,6.0
1144.9919128004715,7.0
1145.992299281644,8.0
1147.2457664083659,7.0
1147.470998127592,8.0
1147.6502477770782,9.0
1148.0554445931725,10.0
1149.3239591334432,11.0
1149.8367529701816,10.0
1149.9506454708364,9.0
1150.7205100524795,8.0
1151.8932032626144,7.0
1151.9868236814682,8.0
1153.3552398367676,9.0
1154.2456223561655,8.0
1155.0585683869929,9.0
1155.1101799770552,10.0
1155.386036479918,9.0
1156.1247204864515,8.0
1156.8796901265414,9.0
1156.983421858242,10.0
1158.2832691842627,9.0
1158.3511004266425,8.0
1159.1014104796589,7.0
1159.3140782641472,8.0
1160.0529947438795,7.0
1160.6546790520529,8.0
1162.1774243089542,9.0
1162.1916744751582,8.0
1162.2557228767712,9.0
1162.9627934639398,10.0
1163.6650498576907,9.0
1163.945183758765,10.0
1165.3535519642721,9.0
1165.7555255228638,8.0
1166.9896498307023,7.0
1167.467615037663,8.0
1167.5676209138262,7.0
1168.1334588604077,8.0
1169.2256368452079,9.0
1169.5915502469522,8.0
1170.658243127458,7.0
1171.1271291805233,8.0
1172.2470062915488,9.0
1172.4189453961476,8.0
1172.6329378567953,7.0
1172.9883717723483,8.0
1173.0838173827142,7.0
1173.372812824334,8.0
1174.1723118457464,7.0
1174.8374824985897,8.0
1175.005862424799,9.0
1176.1157134649136,10.0
1177.3007515295724,11.0
1178.2161103705116,10.0
1179.0525270858,9.0
1179.5210435075392,8.0
1179.81144582517,9.0
1180.851934216988,10.0
1181.1313108231047,9.0
1182.6622211553902,8.0
1183.1638936297975,7.0
1183.5259002701591,8.0
1183.5828403337719,7.0
1183.995687201255,8.0
1185.19922777572,7.0
1186.1172786136149,8.0
1186.2001257267714,7.0
1186.207947837433,6.0
1187.4287378372305,5.0
1187.4798455580074,6.0
1187.8489109643365,7.0
1188.6142179652925,8.0
1189.7629097397776,9.0
1189.9575517027008,8.0
1190.239960563007,9.0
1191.4040436835385,10.0
1191.5059558869057,9.0
1193.1418564539438,10.0
1194.14488057924,9.0
1194.579875027272,8.0
1194.9877049362963,9.0
1195.2735109427256,10.0
1196.1708661925684,9.0
1197.5086513299088,8.0
1197.8374712013706,9.0
1197.987881203551,8.0
1198.713759209434,7.0
1199.2275727185825,8.0
1200.1863790724592,7.0
1200.2652055399137,6.0
1201.5044279170534,5.0
1201.8973545522795,6.0
1202.7264708723187,7.0
1202.7518518901898,8.0
1203.164371156344,7.0
1203.7838629594835,8.0
1204.0832611397504,9.0
1204.4806750715325,10.0
1205.0896307193784,9.0
1205.7102738628955,8.0
1206.4549929989844,9.0
1208.1825354475125,8.0
1208.3787041499845,9.0
1209.2477166492054,10.0
1209.2961923567532,9.0
1209.7149426324054,10.0
1211.9885592831183,9.0
1212.546928945168,10.0
1212.7725317089669,9.0
1212.8200299160005,10.0
1212.909107760895,9.0
1213.8015278866412,8.0
1214.2483775868127,7.0
1215.1477064993273,6.0
1216.9235002474443,7.0
1217.08908994537,6.0
1217.7908679897726,7.0
1218.0056221917705,8.0
1218.023281958515,9.0
1218.3598266246643,10.0
1219.3599739111805,11.0
1219.4038298974945,10.0
1219.785465918553,9.0
1219.830089800211,8.0
1222.5622530222263,7.0
1222.7520030593416,8.0
1223.3428010632051,9.0
1223.872512465181,10.0
1224.0397751209016,9.0
1225.4682460852966,10.0
1227.6972150615388,9.0
1227.8254325008609,10.0
1228.3729073491586,9.0
1228.4830873678363,10.0
1228.554690868806,9.0
1228.8252551007974,8.0
1228.8552725745242,7.0
1230.6866827201482,8.0
1231.0686914358853,7.0
1232.5834901414933,8.0
1232.759071074441,9.0
1233.065061196587,10.0
1233.712225072048,11.0
1233.897627498093,10.0
1234.2811175820566,9.0
1234.409213365154,10.0
1234.6059495225604,9.0
1236.587983810448,8.0
1237.7480048284426,9.0
1238.5433145411964,8.0
1238.57694528384,7.0
1239.6110618876614,8.0
1240.2394487020204,9.0
1240.9417640208148,8.0
1241.2726418420502,9.0
1242.6448679702273,10.0
1243.250759304536,9.0
1243.636704192318,8.0
1244.2051407398988,7.0
1244.5435469411002,6.0
1244.6099312430608,5.0
1244.8214782741757,6.0
1244.8595670313985,7.0
1246.4701407576056,8.0
1248.3100462242076,7.0
1249.4115983928396,8.0
1249.7478297698276,7.0
1249.7982039981707,8.0
1249.817058466161,9.0
1250.5287868728692,8.0
1251.6547917898827,7.0
1251.708357440866,8.0
1253.1034467000288,9.0
1253.1134655741084,8.0
1254.807638532865,9.0
1255.0853779507768,10.0
1255.7504509897112,11.0
1256.331142152834,10.0
1256.349351459858,9.0
1256.5022678730415,8.0
1258.5434861144406,9.0
1259.260238922731,10.0
1259.4951399870185,9.0
1259.6148941612096,10.0
1260.6336985959588,9.0
1261.0954615512874,8.0
1262.0873148848268,7.0
1262.401155828779,8.0
1263.3798170612688,7.0
1263.4366910908834,8.0
1264.0040723890122,9.0
1264.8181918843482,8.0
1265.0125500765357,9.0
1265.8120754203628,8.0
1266.0309270580856,7.0
1266.7079687168427,8.0
1267.653250100555,9.0
1268.6434323228855,8.0
1269.5447291927971,7.0
1270.0209170512087,6.0
1270.6304073591718,7.0
1270.9686398709744,8.0
1271.2265517762942,9.0
1271.9452382050283,10.0
1274.17763341468,9.0
1274.4188632493394,8.0
1274.754924939305,9.0
1274.9724485174725,10.0
1275.02007688994,9.0
1275.0428007137816,8.0
1276.7425178828757,7.0
1278.0937037673118,6.0
1278.3506285468127,7.0
1278.5231765629803,8.0
1279.7996459935969,9.0
1280.2491164084265,10.0
1280.911622423302,9.0
1281.4834702823748,8.0
1282.0054430057567,7.0
1282.3575380757725,8.0
1282.3763653604408,7.0
1282.5642832496872,8.0
1284.830162870207,7.0
1285.3738600268355,8.0
1285.466918880539,7.0
1285.9359584858933,8.0
1286.9371326805704,9.0
1288.223280359759,10.0
1288.6503365913882,9.0
1288.7106073921282,8.0
1289.9572459428393,9.0
1290.3700906476984,8.0
1291.2583796832523,7.0
1291.3399193160292,8.0
1293.1835637197573,7.0
1293.9685886735228,6.0
1293.9709441713344,7.0
1294.4734464799353,8.0
1294.606052162667,9.0
1294.9975595358162,10.0
1295.4171405475101,9.0
1296.2358510437211,8.0
1297.223233726977,7.0
1297.400018060771,8.0
1298.4311502936637,7.0
1298.8167541971895,8.0
1299.7745294402114,9.0
1300.0687758950337,8.0
1300.4624586776522,9.0
1301.5933930167519,10.0
1302.2839624583423,9.0
1304.255652402932,10.0
1304.4770537649542,9.0
1305.0367677564457,8.0
1305.154625922043,7.0
1305.513777981284,6.0
1307.1720521086518,7.0
1307.7981152807017,8.0
1309.210326551656,7.0
1309.4282971626276,6.0
1309.539902591503,7.0
1309.767389978898,8.0
1309.8642317894116,9.0
1309.93986660702,8.0
1310.1372767208259,9.0
1311.1753968952812,8.0
1311.8517637878215,7.0
1312.1195069674984,8.0
1314.3077650018824,9.0
1314.6424172340785,10.0
1315.2695183567807,9.0
1315.55983259534,10.0
1315.8155178903032,11.0
1317.4504677408386,10.0
1318.272520781664,9.0
1319.7408779798754,10.0
1319.9752695448872,9.0
1320.0766246998203,8.0
1320.5481187987937,7.0
1321.0070806281515,6.0
1322.7094183357785,5.0
1322.8669734485666,6.0
1322.9240135780794,7.0
1324.2100361319235,8.0
1324.2602309680813,9.0
1324.4235427681529,8.0
1324.8370017992966,9.0
1325.0547901862478,8.0
1325.2990525345854,9.0
1325.6456862044383,8.0
1325.905328648772,7.0
1327.5802199605025,8.0
1328.2160648748136,9.0
1328.602456444036,10.0
1329.7372296791646,11.0
1329.7981283298839,10.0
1333.2755704160284,11.0
1333.5108970952776,12.0
1333.5131661747446,11.0
1333.673553014187,10.0
1334.6266469295076,9.0
1335.595347685866,8.0
1335.7609021601832,7.0
1335.7609623615747,6.0
1337.769887976385,7.0
1338.0717368941912,6.0
1338.3865159160976,5.0
1338.6390165563805,6.0
1339.1473214081248,7.0
1339.1544405357206,8.0
1339.3351078311214,7.0
1339.9586189054112,8.0
1340.0760005438797,7.0
1340.763917526685,8.0
1341.1841561451256,9.0
1343.0534969310656,10.0
1343.5207907440952,9.0
1343.5661738928989,8.0
1348.4345101237225,7.0
1348.7023144989148,6.0
1350.0514741882878,5.0
1350.9909359744922,4.0
1351.3447029584408,3.0
1351.4394386301656,2.0
1352.038842447602,1.0
1353.5003343373767,0.0
